u(cm),v(cm)
0.0,0.0
-0.00842444252446611,0.48550551803000275
-0.025664148861599817,0.9618296797853895
-0.011770516666645497,1.4592800470259972
-0.010839873300203235,1.9533076436041854
-0.01882785413276003,2.447619568797946
