u(cm),v(cm)
0.0,0.0
-0.00842444252446611,0.48550551803000275
-0.017239706337133707,0.4763241617553867
0.01389363219495432,0.49745036724060776
0.0009306433664422628,0.49402759657818823
-0.007987980832556797,0.49431192519376055
